{"stats":{"minecraft:killed":{"minecraft:skeleton":1,"minecraft:sheep":1,"minecraft:horse":1,"minecraft:zombie":1,"minecraft:chicken":2,"minecraft:cow":2},"minecraft:dropped":{"minecraft:activator_rail":1},"minecraft:mined":{"minecraft:grass":1},"minecraft:used":{"minecraft:redstone_torch":24,"minecraft:netherite_sword":15,"minecraft:activator_rail":3,"minecraft:rail":4,"minecraft:tnt":194,"minecraft:tnt_minecart":434},"minecraft:picked_up":{"minecraft:arrow":1,"minecraft:chicken":1,"minecraft:leather":4,"minecraft:beef":2,"minecraft:mutton":1},"minecraft:custom":{"minecraft:time_since_rest":20715,"minecraft:crouch_one_cm":407,"minecraft:sprint_one_cm":3294,"minecraft:play_time":20715,"minecraft:walk_one_cm":13074,"minecraft:sneak_time":1895,"minecraft:mob_kills":8,"minecraft:drop":1,"minecraft:jump":72,"minecraft:damage_dealt":1084,"minecraft:leave_game":4,"minecraft:time_since_death":20715,"minecraft:total_world_time":20715,"minecraft:fall_one_cm":209,"minecraft:fly_one_cm":197114}},"DataVersion":3465}