{"stats":{"minecraft:dropped":{"minecraft:porkchop":3,"minecraft:gunpowder":2,"minecraft:leather":1,"minecraft:string":2},"minecraft:picked_up":{"minecraft:stick":1,"minecraft:seagrass":1,"minecraft:feather":2,"minecraft:raw_iron":2,"minecraft:sandstone":116,"minecraft:azure_bluet":2,"minecraft:redstone_block":64,"minecraft:chicken":2,"minecraft:glow_ink_sac":66,"minecraft:salmon":8,"minecraft:andesite":171,"minecraft:brown_wool":1,"minecraft:leather":45,"minecraft:dandelion":2,"minecraft:gravel":120,"minecraft:porkchop":37,"minecraft:flint":14,"minecraft:sand":609,"minecraft:ink_sac":57,"minecraft:diorite":150,"minecraft:gunpowder":97,"minecraft:dirt":6200,"minecraft:cornflower":1,"minecraft:lapis_lazuli":24,"minecraft:string":29,"minecraft:raw_copper":66,"minecraft:sugar":2,"minecraft:bone":58,"minecraft:arrow":60,"minecraft:rotten_flesh":42,"minecraft:activator_rail":4,"minecraft:wheat_seeds":120,"minecraft:beef":53,"minecraft:granite":195,"minecraft:bone_meal":1,"minecraft:gray_wool":1,"minecraft:poppy":1,"minecraft:light_gray_wool":1,"minecraft:black_wool":2,"minecraft:ender_pearl":1,"minecraft:mutton":37,"minecraft:white_wool":21,"minecraft:coal":47,"minecraft:sunflower":58,"minecraft:cobblestone":2681,"minecraft:oxeye_daisy":1,"minecraft:egg":3},"minecraft:custom":{"minecraft:time_since_rest":394,"minecraft:damage_taken":270,"minecraft:sprint_one_cm":2155,"minecraft:walk_one_cm":6848,"minecraft:drop":8,"minecraft:fly_one_cm":26392,"minecraft:play_time":5125,"minecraft:deaths":4,"minecraft:sneak_time":31,"minecraft:jump":42,"minecraft:time_since_death":355,"minecraft:total_world_time":5125,"minecraft:fall_one_cm":627},"minecraft:used":{"minecraft:command_block":2},"minecraft:killed_by":{"minecraft:zombie":1}},"DataVersion":3465}